text,sentiment
"Hmm semua itu karena elite global, kalo mmg karena pemerintahan dan MBG emang zaman jokowi ga ada korupsi? ada juga sama aja juga isi pemerintahannya MBG juga uangnya mungkin hampir memutar ke kalangan atas dan bawah indonesia kenapa rupiah sangat melemah???, itumah elite global rupiah melemah karena pengaruh elite global lari semua uang indonesia ke luar terus menghilangkan kepercayaan investor2 terhadap indonesia",negative
"Loose lips sink ship. Ini krn regulasi, contoh biarkan Shell, BP, AKR, Exxon impor BBM sendiri agar mengurangi beban Pertamina. Bubarkan Danantara, karena cuma calo. Fakta, saham Garuda diakusisi 93% hasilnya, nyariin leasing Garuda, kerja Wadirut cuma pecat karyawan, Direktur Marketing tidak kompeten, titipan ordal. Malah, now, export sawit, Bbara mau ikut ikut. Kompetensi Rosan cuma staf Bakrie, kita tau lah reputasi nya Bakrie.",negative
rupiah melemah karena sell off rupiah besar besaran oleh singapura,neutral
"Laporan perusahaan robotech, duit tidak masuk, moderenisasi tidak selesai, internet bermasalah, mobil-mobil tidak ada, motor oke, pindah ke eropa,stop di account youtube",negative
"Labil banget yak, awalnya cm satu orang aja ngomong sell indonesia, beneran se-indonesia jd ruamee, rp anjlok.. stok kopi aman? 😂😂😂",negative
"Terimakasih kontennya, sangat edukatif",positive
Pemerintah nya tuh yg nga becus mengurus negara cuma penting kn diri sendiri saja tdk mikirkan cara nya supaya negara bisa maju tuh gmna cara nya pdhl rakyat sdh byk yg menderita terutama rakyat bawah.,negative
"😂🤣😂🤣🤣😂🤣  pemerintahan penuh tipu-tipu? 😂😂🤣🤣 adakah sesuatu yang bisa diandalkan dari presiden, DPR, gubernur, DPRD dan bupati semuanya ala Rp.50 K? 😂😂😂🤣🤣 presidennya antek bekas presiden bekas? 😂😂🤣🤣😂 dan tentu saja sejak lama semua sudah dikendalikan asing & aseng? 😂😂😂",negative
Kyk Ngajarin anak kecil y kooh 🗿🗿 pke nyamain 98 sama yg sekarang. Jelas² suatu asset akan selalu membuat ATH nya seiring waktu.,negative
dari salah satu youtuber ada kebijakan Quantitative Easing (QE) sehingga walau bi rate naik tapi rupiah tetap turun terus,neutral
INDON tidak kena pajak bro LEON.,negative
"Indonesia politikus nya nggak pentingin midterm nya,mereka pentingin nanti pas lagi kampanye yaitu mulai tahun ke 5 masa jabatan nya,disitulah mereka caper lagi.Kalau rupiah melemah di tahun ke 5 pemerintahan prabowo,pasti dia gerak cepat supaya di mata masyarakat indonesia dia bisa mengatasi krisis",negative
"Akar masalahnya kebanyakan nonton influencer, ingat saham konglo uda pd nyangkut ritel banyak korban 😂",negative
Apa karena menkeu menolak meminjam dr IMF makannya idr melemah?,neutral
"jujur ya, kalau lu mau benahi Indo, lu harus flash back apa yg indo sdh tanda tangan. Contoh globalisasi finance. Dgn globalisasi finance, Soros garong duit ke Indo, detik itu juga dollar nya bisa di tarik ke  Amerika. Lu percuma ngomong makro dan mikro kalau infrastruktur finance Indo masih pakai sistem Amerika yg korup.

Gak percaya?

Lu lihat link ini, China di patok 39% dari total ekonomi Amerika dan China dari 2025 - 2028 dan cuma naik 1% di thn 2031.

Yg lain?

a. Currency sumber bloomberg.
1. USA allies
A. UK - 1 USD = 0.74 Pound
B.  Europe, 1 USD = 0. 84 Euro
c. Jordan, 1 USD = 0.70 Jordan dollar
d. Singapore, 1 USD = 1.27 Singapore dollar
e. etc.

2. Non USA allies
1. Iran, 1 USD = 1.3 juta rial
2. Venezuela, 1 USD = 50 juta Bolivar VEF
3. Indonesia, 1 USD = 17.717 Rp dari  1 USD = Rp 5
4. Iran, 1 USD = 1100 dinar dari 1 USD = 0.3 dinar
5. dsb.

B Credit rating berdasarkan Moody's
1. US aliies
a. Amerika, Aa1
b. Inggris,  Aa3
c. Singapore, Aa3
d. Saudi, Aa3
e. dsb

2. Non-USA allies
a. Indonesia, Ba2
b. China, A1
c. Iran, no credit rating
d. Korut, no credit rating
e. Russia, no credit rating
f. dsb

c. Index korupsi berdasarkan Transparency International (TI)
1. USA allies.
a. Amerika, no 29
b. Inggris, no 20
c. Denmark, no 1
d. Singapore, no 3
e. NZ, no 4

2. Non-USA alilies
a. China no 76
b. Indonesia, 109
c. Russia, 157
d. Venezuela, 180
e. dsb",neutral
"Isi pemerintah nya dr DPR, pemerintah, penegak hukum banyak kaum oligarki.cuma mikir diri sendiri",negative
Bs dilihat indonesia gak maju tetapi malahan melemah.😂,negative
ambyaar,negative
Ini kabinet yg bener bener kaya lemari kosong ...belum menteri keuangannya suka asbun nggak perduli investor 😢😢😢rusak kaya bossnya,negative
"Inti dr segala inti pemerintah GA KOMPETEN samsek manage negara. Pimpinan narsistik blgny buat rakyat padahal ada tujuan lain, cuma kedok. Ga trima kritik dan ga open. Belanja dg mata uang asing gila2an demi menguntungkan golongan sendiri.",negative
Currency War is commencing,neutral
Menurut ku sih saat ini dollar sedang menguat seperti terlihat pada aux/usd,neutral
Saya senang ni channel. Karena kritiknya baik dan membangun tpi disatu sisi berimbang ♥️,positive
Kuliah gratis. makasih koh 😊,negative
kalau 17 845 indonesia merdeka kata PDIP,negative
Ekonomi gak serepot yg di bayangkan brow. Ekonomi gak lebih sulit dari main domino. Kuat tidak nya ekonomi tergantung kartu yg ada ditangan anda. Yg tau kartu bukan anda tapi otoritas yg di kasih mandad,neutral
ZOEL/PLOEZ BANYAKNYA KORUPTOOR PENYIMPAN $,negative
Dikata yang coment2 yg lihat video dan yg bikin video orang2 bodoh bagi mereka..,negative
"Menurut ku ekonomi sangat terdampak dari karakter pejabat dan hukum di dalam negeri.
Ketidak amanan membuat investor pada tidak percaya dengan negara ini.",neutral
Bagus donk rupiah melemah agar mendorong ekspor. Bukan mau mendorong impor kan? Dgn gitu pengekspor akan lebih digiatkan. Biar aja pengimpor rugi!!!!!! ❤❤❤❤,negative
"Cek berapa jumlah korban di lebaran haji tahun ini,,,!",neutral
"Penjelasannya ringan, mudah diterima",positive
"Kalau Danamas Dollar, bisa langsung buka akun di Sinarmas (bank, atau broker), karena min investnya masih bisa di 100 USD",neutral
"asal kita gak impor gak ngaruh tuh rupiah turun,, malah kita ekspor pakai dollar malah lebih untung kan kayaknya? cuma hanya orang kaya yg suka keluar yg ngerasa rugi,, pengusaha yang impor yang pusing,, kalo desa mah,, gak ngaruh,, asal bahan pokok gak impor jadi harga masih stabil,, atau asal harga pokok stabil mah,, gak ngaruh rupiah turun...",neutral
"masalah intinya itu dollar naik rupiah turun mempengaruhi kita rakyat gak sih? kalo aku rakyat bawah sih gak sih? malah yg tkw desa2 suka pada kirim uang ke indo,, yg rugi kan yg beli sesuatu di luar negeri yg suka barang luar,, mungkin dengan rupiah melemah di banding dollar,, malah membuat rakyat membeli produk negeri sendiri,, kalo kita masih mendewakan dollar,, kita boneka ASSSS.. jadi cecunguk mereka yang mudak di kendalikan,..",neutral
"98-2013 stabil, 2014-2026 naek

Hmmm mulai era nya sapa tuuhh 👀",negative
"trump pidato atau bercuit di x dolar us saham us naik
kalau indo..........🫢",negative
"Makin tipis rambut pala, ko.",negative
"Selama niatnya Prabowo dan si gibran mau menggemukan dompet mereka dan kroninya melalui jabatan publiknya, rakyat nggak penting dan bangsa nggak penting. Iya kan koh? Kembali ke NIAT PEJABAT PUBLIKNYA.",negative
"Cepat jual dolar, peningkatan usd hanya fluktuasi tahunan krn permintaan melonjak ken masyarakat dan pemerintaj memerlukannya u ibadah haji. Saya sdh mengamatinya bertahun tahun.🙏",negative
"1. Korupsi
2. Perizinan ribet
3. Kepastian hukum (peraturan berubah2)",negative
UP,neutral
Karena emang gak ada political will dari negara sendiri.,negative
"😂 maka nya kalau ada calon wakil negara nyogok uang 50 ribu tuh jangan di ambil. 
 Ya menderita nya 5 taun",negative
"Akari masalahnya yah koruptor coba di sah kan uu perampasan aset koruptor dan hukuman mati di jamin uang kas negara terjaga juga bisa bayar utang negara dengan lancar..
Hasil bumi negara kita melimpah sayangnya banyak oknum yang menyala gunakan seperti emas timah bahkan nikel belum lagi hasil nelayan dan tani gak di perhatiin jadi pake hasil luar negeri😅😅",negative
setahu saya indon kuponnya pajaknya 0% karena insentif pemerintah buat investor intl ....,negative
Bagaimana membandingkan dengan harga BBM import dan material lainnya ?,neutral
Prabowo ni mbah mbah demensia semoga cepet lengser,negative
"BETUL SEKALI BANG.. INI BISA DI BUKTIKAN KINERJA PARA MENTERI PRABOWO.. 
GUBERNUR BI YANG TERPENTING DALAM MENGENDALIKAN RUPIAH KE DOLLAR AS",neutral
Amerika sj lagi perang ko dolar tdk turun. Padahal indo aman2 sj kenapa Rupia turun.,neutral
"Gue pribadi sendiri dari awal sepakat. inti dari kejadian sekarang bisa jadi dari Regulasi.. yang dimana asing enggan naro investasi disini... tapi selama ini penegakan korupsi gencar banget loh di pemerintahan prabowo. Jadi asumsi karna tinggi nya korupsi/penegakan hukum apa masih relefan? Gue pribadi mikirnya ini karna kebijakan pemerintah terkait investasi aja.. yang akhir2 ini memang berubah terus... dan prabowo sendiri fokusnya ke dalam negeri. (MBG, Kopdes, dll).. bukannya mbg dll salah ya.. Gue pribadi gak masalah terkait ini.",neutral
Astronom,neutral
"Pas jaman pa harto rakyat masih merasakan harga murah ga susah2 banget lah hidupnya rakyat walaupun di balik itu rupiah berdarah2. Makanya populer meme ""enak jaman ku to"".
Lah kalau sekarang kalian bisa rasakan sendiri lah ❤",negative
"Setiap kebijakan pemerintah akan ada dampak ""negatif"" nya, meskipun seolah itu hal yg tidak ada dampak negatifnya.

penegakan hukum itu mungkin terkesan tidak ada harga negatifnya, tapi mencapainya [BISA] jadi itu ada harga yg harus dibayar.

Orang sering menggunakan angka ini untuk mengejek kubu prabowo, tapi di saat bersamaan 58% ini adalah realitas politik rakyat indonesia (tentu 58% itu bukan berarti jumlah masyarakat indonesia). 58% persen masyarakat itu tidak siap",negative
"Thank u utk kuliahnya, ko Leon 🙏🏾🙏🏾🙏🏾",negative
Menteri aja pesanan dan orang2 partai. Anggota dpr aja ada yg tamatan SD doang. Presiden sekarang udah 4x gagal baru terpilih. Mau harap apa dari konoha,negative
UMR Indonesia gak ngotak. Negara lain 20jt Indonesia 3.5jt. Biadab,negative
"Kenapa rupiah terus inflasi selama bertahun tahun ?
karena setiap hari kita mengadaikan rupiah ke dollar untuk beli minyak dan Gas selama puluhan tahun kemudian dibakar, kan bego ..",negative
konten mahal isi daging yang pejabat kita gabisa jelasin,negative
"Baru sampe detik 50 sy sudah ada kesimpulan, g ada harapan.... selebihnya cuma konfirmasi, ternyata indo (at least rezim wowo dan wiwi) memang g akan pernah bisa mencapai hal itu..",negative
"kalian pilih mana? Dolar = Rp 7000 tapi UMR $20 atau dolar = Rp 17000 tapi UMR $200

Tahun 1999 UMR rata rata nasional naik dari Rp 150rb ke Rp 180rb, kenaikan rupiah mendongkrak UMR saat itu dari $16 ke $23 per bulan

Tapi kalau dibanding UMR sekarang itu tidak seberapa

Karena UMR rata rata nasional 2025 adalah $200 , hampir 10 kali lipat tahun 1999

Kita selalu melihat turunnya dolar pada tahun 1999 sebagai sesuatu yg luar biasa dibanding saat ini

tapi kita lupa bahwa kenaikan gaji kita dibanding 1999 sebanarnya jauh lebih luar biasa

Jadi lebih baik kita bersyukur daya beli kita naik walaupun rupiah turun, karena itu jauh lebih penting",neutral
"INDON Valas setahu saya pajaknya ditanggung pemerintah. Memang kalau Obligasi IDR ada potongan pajak kupon 10%, tapi kalau INDON Valas tidak ada. CMIIW.",neutral
"Pemerintah masi memandang  pasar saham tempatnya orang kaya .... pandangan sesat sekali
1. Pasar saham = etalase ekonomi negara jika buram apalagi retak investor kabur  apalagi asing.
2. Retakan sekarang mulai merembet ke industri besar (penebangan,),  UKM (nelayan, RM dll).
3. Pasar modal sudah menjadi  tempat usaha investor  retail  nyambi  dagang, kerja, ngojek nunggu  lamaan kerja
tolong Pemerintah jangan pakai narasi  basi (fundamental ekonomi kuat  dll)  tapi  selesaikan  MBG, Kopdes MP, subsidi tidak tepat sasaran, 
4. Menkeu dan Presiden  tolong irit  biciara  selesaikan saja masalah  no.3  inshaAllah pasar bereaksi positif
tks  bro Leo  ...  teruslah bersuara",negative
"Leon, coba pelajari bagaimana pak Habibie bisa menurunkan USD. Yang dia kerjakan waktu itu adalah:
1. Membuka kebebasan pers utk transparansi
2. Memperbaiki sistem perbankan yang amburadul dan korup dengan mendirikan BPPN dan pembentukan Bank Mandiri (dimana Bank Mandiri mengadopsi sistemnya Deutsh Bank)
3. Merestukturisasi hutang luar negeri perusahaan2 di Indonesia yang waktu itu marak berhutang USD, lewat  badan namanya INDRA
4. Kolaborasi dgn  IMF 
DLL

Coba bandingkan dengan keadaan kita sekarang:
1. Penyiraman air keras terhadap pengkritik dan sikap2 anti kritik pemerintah lewat pidato2 Presiden
2. Tidak ada perbaikan di area2 korupsi dan penegakan hukum yang serampangan 
3. Kesulitan merestrukturisasi hutang2 dalam USD karna yang terbesar justru hutang2 pemerintah akibat proyek2 yang bekerjasama dgn pihak luar (misal hutang proyek kreta cepat Jkt Bandung)
4. Menutup diri thd pihak asing sewaktu diperlukan (contoh waktu bencana banjir di Sumatera)",negative
"GRafik kurs yang bagus jaman SBY setelahnya, naik2 kepuncak gunung...",negative
Ringgit menguat. IDR selalu melemah dari 2013,neutral
"Ini karena interen bro rakyat diperas hasil nya mereka pindah kan keluar negeri oleh penguasa juga orang"" yang punya duit...mereka bukan berpikir untuk kemakmuran rakyat, berpikir mereka yg penting mereka aman masalah rakyat sengsara itu cukup diberi BLT selesai otak mereka memang otak penjajah....",negative
Hukum harus ditegakkan tanpa pandang bulu maka akan bedampak sangat baik pada semua sektor,neutral
"Soeharto said, ""enak jamanku tooh?""",negative
"Sesuai ramalan Pdt Daud Tony nanti bln Juni :
- stagflasi dimana inflasi dan deflasi bertemu dlm 1 titik
- bln Juni jatuh tempo pembayaran hutang negara

Akibatnya effek ke pelemahan rupiah bakal berlanjut.",neutral
Cara untuk melemahkan negara intoleran dan pendukung organisasi teroris adalah cukup goyangkan nilai mata uangnya seperti Iran !,negative
Yg getol banget pengen GANTI REZIM . Sepertinya perlu di cek lg. Jgn sampai mereka ada di barisan yg lg di bersihkan atau yg selama ini menggerogoti indonesia.,negative
"presiden yg satu dunia nga dipercayai,,,sekali dibuka mulut rupiah tambah anjlok,data 5.61 persen itu oplosan,,,mentri dan ponakannya juga nga kompetan buat  kerja,,,bila sesuatu yg nga benar /org yg nga layak diberikn jabatan maka tunggulah kehancuran,,",negative
Anak nya malu 😅😅 gak sigh bapak nya kayak gitu ...,negative
Inti nya suku bunga BI mesti stay di 6.25-7.25% kalau mau rupiah stabil di 3% loss per year,neutral
are we cooked ?,neutral
Pemimpinnya harus ganti,negative
Korupsi,negative
Makin teriak isteris menunjukkan ketidak mampuan memimpin,negative
Kalau sampai dua puluh ribu per dolar  Prabowo mundur,negative
"Bila kita lihat grafik USDIDR setelah krisis 98, maka pada dasarnya rupiah bisa dibilang stabil hingga masa SBY berakhir, ada lonjakan2 tapi kemudian rupiah kembali ke harga awal, coba lihat grafiknya ujung2nya horizontal. Grafik mulai menukik tajam tanpa pernah turun lagi sejak 2014, yaitu sejak jokowi berkuasa hingga sekarang. Di masa jokowi proyek ugal2an bernilai triliunan yg tdk produktif dimulai, mulai jalan tol, kereta cepat, mandalika hingga IKN, semua adalah proyek besar.. tol saya blg juga tdk produktif krn tarif tol sangat mahal, lah kalo tarif tolnya mahal sama saja dgn jalan biasa artinya itu hanya menguntungkan para pengusaha tol (sebagian saham tol transjawa di kuasai swasta). Semua proyek jokowi hanya menguntungkan oligarki dan ego wong solo. Ini akibatnya bila orang bodoh diberikan kekuasaan tertinggi, dia jadi gila krn itu semua aturan ditrabas... org melihat dia sebagai sosok yg pintar namun pada dasarnya dia org yg gila.",negative
"KALO MENURUT AKU PRIBADI 
PENGUSAHA SITUS JUDI ONLINE = DAPAT KEUNTUNGAN RUPIAH DARI 2 JUTA BAHKAN LEBIH USER/PLAYERS YG BERASAL DARI PENDUDUK INDONESIA = PENGUSAHA SITUS JUDI ONLINE MENUKAR RUPIAH MENJADI DOLLAR BUAT JADI ASET 😅😅😅😅😅😅

JANGAN TERLALU JAUH ANALISIS   KEMUNGKINAN TERJADINYA PAK NANTI TERSESAT BAHKAN BI TIDK AKAN BISA MEMPREDIKSI TERKAIT HAL INI 😅😅😅",negative
"Coba bandinginnya dengan SGD. Pasti korelasi nya sama, karena banyak pengkhianat bangsa yg massif menggadai rupiah dengan SGD.",negative
Bowo suruh mundur,negative
siluman babi sialan.,negative
"Indonesia kalau di pimpin staff nya oleh Indo Chinese aku yakin maju, mindset mereka beda. Sorry to said tapi itu reality.",neutral
"Ujungnya Nawarin Investasi di aplikasi Makmur,,, Hadehhhh 🙆‍♀",negative
Thank you ko Leon. Earth bless u,negative
"Banyak penghianat bangsa depan presiden iya iya aja padahal dalem atinya dongkol. 
Karena kepentingan nya terganggu. 
Pemerintah lagi banyak musuh nya karena
1. Mafia pangan yg terganggu. Sekarang
2. Masuk ke cpo dan mineral. Belum lagi dari dalem 
3.bea cukai, pajak
4. Oligarki lokal dan global yg terganggu. 

Nah orang orang cerdas pinter S1S2S3 jangan cuma kritik tanpa solusi cuma bikin noise doang. Gimana lah caranya agar kalian bisa duduk bareng atasi masalah bangsa. 


2",neutral
"SGD SGD UP TERUS 
JD INGET KATA2 BENNIX",negative
Para pejabatnya penjahat semua,negative
dari penjelasan video ini nilai dolar US sebelumnya stabil tetapi setalah 2014 nilai dollar US naik tidak terbendung. Artinya silakan ditebak sendiri,neutral
"STOP MBG, STOP KOPDES MERAH PUTIH, TURUNIN PR*BOW SKALIAN..!!!!!!!!!!  ☣️☢️☠️⚠️",negative
Pesan ko leon adalah 'RASA TAKUT TAKAN MEMANJANGKAN UMURMU',neutral
Sayangnya pemangku kepentingan 7 + 3 = 12 : 4=  5😂,negative
"Kalau Bro Leon memang yakin dengqn penjelasan kenapa mata uang melemah dan menguat secara pasti. Bro leon tidak akan membuat podcast bisnis lagi, anda akan sangat kaya sampai akhir hayat dengan Trading mata uang forex menggunakan leverage.",negative
BI sudah naikin suku bunga 0'5% lhoo,neutral
"kerana melemahnya berpanjagan dan berterusan, maka iayanya biasa-biasa aja.. seperti Experimen Katak di rebus pelan-pelan tidak terasa panas tiba-tiba mati.",negative
"presiden Habibie sang pencipta teknologi pesawat terbang membuat rupiah menguat terhadap dollar 
presiden Wowo sang pencipta import teknologi pesawat tempur membuat rupiah lemah terhadap dolar+ IHSG ambruk+ rakyat Indonesia maluuu dengan statement pidatonya...jangan pindah ke NTT daerah belu transaksi jual beli pake dollar AS",negative
"Serasa kuliah, thanks ko ilmunya! Sering2 bikin konten gini 🙏🏼",negative
SAHKAN RUU PERASAAN ASET biar jera tuh koruptor,neutral
makasih Ko Leon,negative
Bubarkan utusan2 khusus dan jabatan wamen. Kalau mau efisien,neutral
Kalau emas cocok tidak kak untuk melindungi nilai aset kita?,neutral
"Saya hidup didesa, saya kalau belanja pakai daun😂",negative
Ringgit Kukuh mnakala Rupiah lemah ..Bgitulah jika negara dipimpin oleh org bodoh..Syukur jadi rkyat Malaysia ..,negative
Kami selalu berdoa utk kebaikan negri ini ayooo rakyat semua satukan tangan utk melawan mereka yg jahat jgn sampe terulang peristiwa 98 jgn sampai jatuh ke lubang yg sama kita pasti BISAA kita pasti KUAT hidup INDONESIA hidup pa PRABOWO GIBRAN hidup rakyat INDONESIA 💪💪💪💪💪💪 kini saatnya menunjukan kepada dunia siapa sebenarnya INDINESIA kami bangsa besar kami bangsa kuat💪💪💪💪💪,positive
Makin suram sih...pengamat kasi saran tapi bebal.. begitulah orang dungu.. bodoh di habisin sendiri.. investor jg menghindari klo tidak ada kepastian di sawitzerland,negative
"Om semoga baca pesan ini, kalo boleh di upgrade mic nya om, sangat kasar banget dan berpasir, banyak mic proper dan nyaman kalo di dengar, saya penonton setia jadi ga betah kalo pake TWS atau headset, jauh banget kalo abis nonton dari ferry irwandi dan astronacci, halus banget suara videonya dan ga berpasir kaya gini",neutral
"leon cuman bisa ""misalnya""-""misalnya"" terus dari awal sampai akhir, gak bisa eksekusi secara nyata (ini cuma joke ya)

but nice video sih, bisa jelasin pakai data dan fakta juga",negative
bkn cmn dollar yg menguat tpi emng rupiahnya aja yg ampass,negative
"memang udah benar jalan gw..
dari tahun 2017 gw selalu invest di saham2 USA dan tak pernah di IHSG.
dan stiap cuan yg gw dapat langsung gw simpan dalam bentuk US dolar dari tahun 2017.",positive
"kepastian hukum? liat tuh bos djarum yg dapet penghargaan wajib pajak teladan. Begitu dia nolak setor ke ""you know who"", langsung jadi pesakitan. Pegimana loe yg bukan wajib pajak teladan.",negative
"bos indon ngak kena pajak lagi bos .. beda sama FR .. indon pajak ditanggung gov .. jadi pure , problemnya cuma indon itu kalo dalam USD begitu idr turun banyak itu indon turun lagi",neutral
"Gila inflasi 30% dlm setahun bisa kaya raya jika dpt bunga kaya gitu, gaji aja ngak naik 2% setahun aja berat, yah  pantes memang inflasi dlm negara sendiri biangkeroknya. Yah 2026 lebih parah secara ekonominya tapi politik ngak sama kaya 98 krn pakar koruptor sdh 100% bersatu ambil langkah lebih baik dengan cara korupsi resmi tanpa diganggu rakyat..😂😂😂,.. cek sendiri program pemerintah apa benar berpihak ke rakyat atau  kita sdh tauh semua.. wkwkwkwkw",negative
hari ini 17.8 koh Leon... kayaknya bakalan ada videonya trus nich sampe 20.0,negative
pejabat kita terlalubodoh untuk memahami ini bang leon...,negative
"Literasi yang sangat BAIK & PRAKTIS, Koh... Tks 👍🙏",negative
intinya : kesejahteraan bangsa TERGANTUNG dari MORALITAS para pemimpin dan para pejabat negara,neutral
"panggil hengky dulu, mau denger dia soal Saham Sini, wkwkwkwkwkwkwkwkw",negative
Apa yg mau diharapkan sama pemimpin yg gak kompeten,negative
"pertanyaan apakah memang sengaja dilemahkan dengan tujuan strategis pemerintah ? walau negara lain juga terdampak oleh dolar us, tapi rasa2 nya turunnya nominal rupiah tidak seperti negara lain (kalo itu mau di bandingkan). tapi apa tujuannya ?",neutral
"Thank you, Leon untuk insightnya! 
Podcast ini selalu menawarkan alternatif solusi -growth mindset. Like.. yeah we're fucked up. Now what? Dan langsung bedah masalah dan menawarkan solusi. 
We're in this together...! 🤝Xie xieeeee!!!
Wowo n gank gak diajak tapi 😝",neutral
"Kepercayaan gue ke program pemerintah sndri rendah skrg
Terkahir gue beli Obligasi pemerintah saat jaman jokowi
Era prabowo sama skli belum pernah beli lagi.

1. Gue lebih bisa ngitung multiplier efek dari pembangunan infrastruktur yang masih perputaran uangnya akan gimana dan negara akan dapat peningkatan uang seperti apa. Dan jujur aja nilai asetku berkembang banget di era ini karena ekonomi di bawah tidak terkonsentrasi ke 1 sektor karena yg kena multiplier atau penerima manfaatnya inderict banyak. Alhasil penerimaan pajak peniliaan ku akan naik, dan disitu gue tau utang yg gue kasih uangnya bisa dikembaliin gimana karena golongan menengahnya naik dan punya uang. 
2. Era prabowo sekarang semuanya terkonsentrasi perputaran uangnya dan penghentian banyak infrastruktur strategis plannya, uang yg sangat besar itu cuma ada di sektor fnb dengan mbgnya sektor diluar itu agak susah untuk dapet cipratan manfaatnya, uang besar itu cuma ada di sektor alutsista yang bahkan bukan untuk rnd dalam negri tapi langsung di setor ke luar negri sekli lagi gda manfaat yang bisa dirasakan indirect diluar sektor itu. Dan ada lagi kopdes yang malah coba matiin alfamart dan indomaret yg malah makin matiin yg industri yang udah jalan. Dll semua programnya terkesan grande tapi uang dan penerima manfaat indirect nya terkonstrasi. Gue gtw gimana cara uang gue dibalikin kalau gue beli obligasinya, bahkan klo ini perusahaan pun gue juga ragu kasih utang klo sumber uang mereka dan spending mereka terlalu terkonsentrasi di beberapa titik saja dalam kategori ekstrim.",negative
"makasih ko Leon, sehat selalu, GBU",negative
PRABOWO ITU SURUH DIAM SAJALAH...!!!! OMONGAN KELAS BOCAH SOK JADI PRESIDEN...!!,negative
Andry Hakim mana bro,neutral
Bro Leon lo benar kasih paham publik tapi masalanya bagi kita rakyat jelantah krocomumet ini gaji tidak naik maka ancamanya selalu PHK 2 terus itulah yang bikin kita ngamuk mendadak nanti,negative
"Thanks, GBU! Gw pribadi usd di kripto terus earn fleksible ko :D",neutral
"Setelah ini pasti bermunculan survey survey Kepercayaan rakyat kepada pemerintah 99,9% wkwkw",negative
"eMBeGeeeeeeeeeeeee...... 
Hidup jokowiiiiiii...! 
Hanya itu dipikirannya... 
Masih lebih hebat ketua kelas gua dulu masih TK",negative
"orang indonesia banyak yg pinter, tapi yg duduk di pemerintahan pada tolol semua . kocak .",negative
"MERDEKA itu artinya BEBAS dari PENJAJAHAN/PENINDASAN dari negara lain (Jepang, dll) atau PENGUSAHA/INVESTOR (VOC, dll)

Adapun MODAL AWAL untuk mewujudkan KEMERDEKAAN Indonesia itu adlh dg MERAMPAS Pabrik2 atau Perusahaan2 milik PENJAJAH (pengusaha/investor), yg 

bila Pabrik2 atau Perusahaan yg sahamnya 100% dimiliki oleh NEGARA (RAKYAT) itu terus diperbanyak, maka

KETERGANTUNGAN pd PENGUSAHA/INVESTOR akan semakin berkurang, sehingga NEGARA (RAKYAT) RI tdk lagi bergantung pd PENGUSAHA/INVESTOR dlm MENGURANGI jmlh PENGANGGURAN, KEMISKINAN, dll
Ma'af jika saya salah. Rahayu...Rahayu....Rahayu",neutral
"Long story short, jadi intinya tuker Rp kita ke dollar? Makin banyak sell offnya? 

Great insight untuk cari usaha lokal yang omzetnya dollar. But Any other thoughts untuk tetep jaga dalam ekosistem indonesia?",neutral
"Cara penjelasan dan komunikasi yang bagus. Bisa jadi jalan tengah utk mendapatkan informasi berdasarkan data. Dibandingkan melihat berita/social media yang hanya menghighlight sisi positif atau negatif secara berlebihan.

Kalau gaya komunikasi pemerintahan kita seperti ini, mungkin rakyatnya juga bisa lebih tenang.",positive
Makasih ilmunya koh.,negative
Sedunia mengalami krisis yg sama. Tapi cmn indo disekitar ASEAN yg jatohnya segininya dgn potensi dalam negeri dan sumber daya yg ada jauh lebih daeri negara tetangga lain. Ya artinya murni kebodohan pemerintahannya,negative
gak ada kebijakan yg gk ad efek negatifnya. semua ada tradeoff jgn terlalu idealis,neutral
pasti   salah  asing asenk  ahok aguan  soros,negative
pemimpin bobrok,negative
"Itu  urusan peme rintah 
Urusan loe  jaga  value kekayaan loe ,
Sebelum   kemakan devaluasi , dan inflasi  !!

Beli  valas atau emas 
Cepetan  bro !!",neutral
"Ijin koreksi ko Leon, untuk INDON/INDOIS tidak dikenakan pajak karena pajak ditanggung oleh pemerintah.",negative
"gimana mau menguat rupiah, wong presiden nya aja gak peduli. kan rakyat desa gak pake dolar. santai aja pasti usdidr naik.",negative
"""USD melemah terhadap Advance/Emerging market, IDR melemah terhadap USD"" :D",neutral
"solusinya ekonom2 perlu di kasih MBeGe, supaya analisanya bisa positif 🤣",negative
Dari 2011 new normalnya melemah terus. Parah ni negara. Gimana mau cinta rupiah kalau nilai tukarnya buruk begini,negative
"mann, so hopeless lah ya",negative
Kocak opo koclok,neutral
"bertahun tahun ngebet amat jadi presiden, sekalinya jadi langsung mencret",negative
"Untung gua nimbun dollar di paypal mukai 5 tahun lalu waktu masih kurs 14ribuan dan belum gua cairkan
Hasil transaksi sama orang asing, mayan lah",neutral
"Dgn kata kain negara lain lagi pesta karena dollar melemah, tpi indo menangis karena pemerintah gk paham peluang 😅",negative
"Thank You Bro Leon...
krna pengajaran yg super sederhana by compare, by data, by grafik & by year to year...
hari demi hari saya semakin terbuka matanya ke depan harus bagaimana untuk berkembang & bertumbuh dlm bidang saya + semakin mengerti perputaran mata uang di setiap negara...

semakin menjadi terang & garam Bro Leon
GOD BLESS U & FAM...",positive
"Pekerjaan loe gaada harganya 😂, mending cari cara gimana caranya kerja di luar negeri. Cuci piring kerja 2 minggi dah dapet iphone terbaru di negara maju😂",negative
"boros di 
MBG nya",negative
Harus coba ahok jd presiden,neutral
Ngeri komentarnya banyak buzzer2 bayaran asing. Semoga masyarakat indo bs kuat,neutral
2013 mulai jaman president ngebor utang kan,negative
"Selama domestik dan fiskal masih begini ya jgn harap apa""",negative
Singkat saja. Semua investor kabur,negative
"sebenarnya nilai tukar MATA UANG turun itu gak masalah asal NERACA PERDAGANGAN EKSPOR kita kuat, China malah dengan sengaja menurunkan nilai mata uangnya agar produknya keliatan lebih murah, masalahnya kita itu negara PENGIMPOR dari mulai minyak, biji plastik, gandum, gula, kedelai, bawang bombay bahkan garam, prediksi terdekat 18.250/1$ jika JEBOL 22-25rb/1$ 👈",negative
"Please keep creating, mas leon! Thank you",negative
INDON dan INDOIS PPH nya 0% karena masih ditanggung Pemerintah ko Leon,negative
"Saya yakin klo program MBG ditunda terlebih dahulu Rupiah akan menguat, tinggal Ego pemimpin apakah bersedia itu salah satu cara mengembalikan kepercayaan Publik.",neutral
Yg nyoblos kmrn nyesel ga ? Teddy bear dan bapak presiden kok opini nya ga peduli begini,negative
"Klu di desa memang kebutuhan makanan ya masih cukup terpenuhi tapi transportasi, obat2an, pupuk jg masih beli dan tambah mahal",neutral
"Aku mau pindah ke desa ah
Kan gak pake dollar",negative
Hari ini ada info dari menkeu klo siapkan dana 420 T untuk buy back SBN apa ini langkah yg tepat ko leon buat turunin rupiah ?,neutral
Penguasa sudah tidak dipercaya lagi ..,negative
MASALAHNYA ADA DI PRESIDENNYA SI PRABOCOS DAN MENTRI2NYA TERMASUK SI PURBACOT YANG DENIAL BIKIN EKONOMI AWUR AWURAN,negative
ok...back to sleep,negative
"yah begitulah kalo kita dijadikan sapi perahan....kita bener2 udah jadi hewan piaraan di kandang yg bisa diperas tenaga, uang, skill dsb2, untuk keuntungan orang2 yg mengelola.",negative
"Saya pikir perlu ada Action ya dari Pemerintah untuk berkomunikasi yang balance dan transparan dengan rakyat. Pemerintah harus peka dengan Topik yang lagi hangat yaitu Dollar Menguat dan program unggulannya, terus dampaknya ke rakyat apa. Karna walau bagaimanapun kan mereka yang memiliki wewenang untuk kebijakan. Data harus terbuka dan valid sifatnya, agar acuan diskusinya sama. karna, kalo datanya gak sama percuma dibahas gak bakal nyambung. 
Ibarat anak mau ngomong sama Bapaknya, gak pernah kejadian, akhirnya komunikasi jadi ruang hampa. Nah Ruang Hampa komunikasi ini yang selalu jadi masalah antara Pemerintah dan Rakyatnya. Padahal semua masalah bisa di selesaikan kalo ad komunikasi. masa satu intansi suatu kementrian gak ada sih yang bisa diajak komunikasi. percuma. kita hub call center mereka,. karna sifatnya kan satu arah doang.",neutral
"Edukasi yang sangat bermanfaat, semoga sukses ko Leon",positive
"Emas, Silver, Property, collectibles gak dibahas? Itu bisa jadi alternative investasi juga gak? Low risk atau high risk? Direcommend gak? Mohon masukannya. Trims",neutral
"Kalo gold masuknya ke less atau high risk ko? 

Soalnya kalo USD dijelaskan dalam indeks aja lagi melemah sama mata uang negara lain,",neutral
dikit lg  rp.17.845 perdollar . mungkin ini ingin dicapai pemerintah mendekati hari kemerdekaan pak,negative
wkwk panjang lebar penjelasan eehhh..ternyata biang keroknya cuma  MBG dan Kopdes MP😂😂😂,negative
"AYO KORUPSI LANJUTKAN
ANCURKAN NEGARA INI
KORUP ITU ENAAKKK",negative
"Perusahaan2 swasta dan bumn telah bekerja keras, tapi pemimpin2 dan dpr dprdnya hasil money politik yg pasti berharap uangnya kembali, sukur2 cuan luber",negative
"terima kasih pelajaran nya,50 menit saya nonton saya gak ngerti yang di omongin.serius",negative
"menterinya YES MEN pula, haus validasi pula, udah combo maut",negative
"Cmiiw, kupon dan capital gain INDON INDOIS bebas krn ditanggung pemerintah.",negative
kasian zimbabwe disalahin mulu :),negative
"Sudahlah tak usah pake data anak smp aja tau kenapa rupiah lemah. 
Mbg asuuuuu hapus",negative
Pembanding antara uang dong dan uang  rupiah  vs uang dolar dari tahun 2010 ... 2026,neutral
"Stop menyalahkan asing, aseng! Jangan playing victim, Indonesia gabisa maju karena kita dijegal, bullshit! Yang bikin rusak ya pemerintah beserta sistemnya!",negative
"Cukup aneh tapi nyata. Sejarah terulang dengan sendirinya. 

Sudah rutin berdoa selama bbrp tahun untuk kemakmuran bangsa ini. 

Tapi faktanya: Rakyat Indonesia seperti ayam yang mati di lumbung padi. Sedangkan penguasa terlalu boros, ugal-ugalan pakai uang rakyat, anti kritik dan terlalu otoriter. Sangat menyedihkan. 

Sampai kapan akan muncul Ratu Adil?",negative
PRABOWO PRESIDEN MBG (MALING BERKEDOK GIZI) 😅😅,negative
2035 semoga IDR tembus 25-30 ribu biar gue makin cepat pensiun 😇,negative
"Santai aja bos...
Ntar 17 Agustus Nilai tukar kbakalan di 17845",negative
Ini namanya krisis global utk seluruh dunia bkn hanya Indonesia,neutral
"Masalah nya satu MBG yg ngawur, kayak bunuh nyamuk pake granat, tidak mengena, jadinya pemborosan, yg ujungnya bikin fiskal tekor dan rupiah tersungkur",negative
"geng soros  lagi kenceng ato abis2an amunisi nih face-blue-smiling, panas2xin terus lewat lsm spt: cel10s, kurungkurawal plus profesor2 bayaran dan media2x semacam tempe dkk plus tambahin nobar party bab1 di lapis lagi persiapan demo Pelangi. WAHAI RAKYAT JANGAN MAU DIPANAS2I OLEH MEREKA2 INI, NANTI MEREKA PULA YANG MENIKMATI DARI KERIBUTAN YANG MEREKA RANCANG INI",negative
"Keadaan sdh spt ini tdk ada yg bisa saling mdnyalahkn bkn hanya Indonesia sj tp berdampak utk seluruh dunia semua ini krn pengaruh perang jdi berdampak utk seluruh dunia tdk boleh saling mdnyalahkn, bagian kt masyarakat hanya doakan sj spy ekonomi Indo membaik spy rupiah bisa menguat",neutral
SELAMA JIWA PEMIMPIN NYA JIWA MALING.. IDR AKAN TETAP MELEMAH.. KRN INVESTOR GA PERCAYA KRN BYK MALING..,negative
Mau di kota mau didesa sm sj km jg hrs mkn utk blanja ya pake uang yg sama rupiah kt hanya bisa doakan spy ekonomi membaik aja rupiah bisa menguat smua jg pengaruh dr perang kok,neutral
Aku hanya berharap ke LANTAI KAMAR MANDI,negative
Sudah saatnya fufufafa turun tangan membenahi anjloknya Rupiah 😊😊😊,negative
Ya di Lumajang juga nasi pecel masih 11 k,neutral
Extrapolasi ???,neutral
"Indonesia gak cocok demokrasi,,Indonesia harus di pimpin oleh pemimpin yang tangan besi,,parpol cukup 1 saja",negative
cara menguatkan rupiah jual hasil tambang nikel dan yg hanya dimiliki oleh indonesia dengan rupiah bukan dollar. jadi rupiah dihargai oleh dunia. jadi yg mau beli harus tukar mata uangnya ke rupiah dulu .,neutral
Bisa di cek lagi INDON free tax,negative
"Harga minyak goreng naik luar biasa, pemerintah kurang open terhadap kenaikan komoditas ini sebenarnya HET untuk minyak goreng itu brp ?",neutral
Ada postingan Andri hakim nyesel pilih Wowo itu hoax atau ga ya,neutral
"kenapa bukan orang seperti bro leon yg menjabt di instansi terkait yah,",neutral
"Aku nggak ngerti ekonomi, tapi merasakan sulit n sakitnya kondisi masyarakat Indonesia komunitas import seperti kedelai dll udah pasti ada pengaruhnya dg nilai rupiah yg sangat lemah, begini kok dibilang rakyat di desa tidak mengerti/tidak tahu dollar, gimana sih Mr. Presiden !!!",negative
"Terima kasih bang, sudah menjawab dengan ilmu dan logika yg masuk akal dan mencerahkan, semoga sehat selalu bang, pelemahan rupiah saya yakin BI tidak bisa membaca pergerakan ekonomi, tindakan, seharusnya BI memberi insentif menurunkan suku bunga kredit menjadi 1% pertahun kepada pelaku UMKM yg fokus export ke luar. Dan UMKM bisa pinjam uang untuk mengembangkan usaha Dan seharusnya BI bekerja sama pemerintah untuk menggalakan dan mendidik mencetak UMKM yang bisa usaha untuk export, baru dolar banyak masuk dan jika banyak dolar us di Indonesia maka otomatis dolar jadi murah, untuk pelaku dolar yg parkir di Singapore atau luar negeri harus diancam pemerintah dengan hukuman yg berat sebab mereka yg membuat dolar us hilang akhirnya dolar menjadi mahal.",neutral
"loe mau harap apa sama presiden yang menang karena MANIPULASI?! menang karena ""diendorse?! ternyata gak lebih pinter dari presiden sebelumnya. sadar gak sih dia itu presiden? presiden kok asbun?! indonesia bubar 2030 ehh ternyata dia yang bikin, SURAM BOSS!!!",negative
Bukti nyata negri avg 78IQ....amburadul,negative
Usd tidak mengguat lihat aja chart dxy usd sideway ini gak ada naik signifikan chartnya tapi coba lihat chart sgd dan mata uang lain seperti swisfr dan ringgit naik kuat banget berarti ini orang juar rupiah untuk beli sgd ringgit dan swiss soalnya kalo harusnyabusd menggust chart usdt dominance dxy mengguat ini gak mengguat sideway usdnya,neutral
"Lapor Bos, di surabaya sarapan lontong balap masih 12k, nasi madura 8k, ketan bubuk kedelai 6k. Nanti kalo dollar 20k saya info lagi😂",negative
"Solusi nya paling gampang export harus wajib pakai IDR,kalo berani ikuti cara rusia dulu saat rubel melemah",neutral
"Berdoa untuk Indonesia guys, kita komen negatif juga tidak akan memperbaiki keadaan. Kita diminta menggantikan menteri bahkan presiden juga sepertinya tidak akan bisa. Semoga orang sadar begitu memalukan dan merugikan korupsi itu, ingat hidup hanya sekali dan semua akan mempertanggung jawabkan perbuatannya di depan pengadilan akhir.",neutral
Perusahaan coal ama CPO mau diperas itu 😢... Taik bener lah,negative
"Rupiah diserang biar lemah...
Aku beli saham² selagi murah ini...

Gk lama lagi akan naik..
Negara lain gk suka indo jaya",neutral
Makasih Ko Leon utk edukasinya... slalu butuh hack utk melindungi nilai asset & cara nambah invome di saat kondisi ekonomi yg sangat buruk ini😢,neutral
"Edukator dan investor seperti Bro Leon dan Bennix ini penting banget buat masyarakat Indonesia, Media berita sekarang susah di percaya...",neutral
"Currency itu gpp melemah bahkan bagus klo indonesia itu negara industri, supaya barang kita laku…

Yg jadi maslaah kan konglo kita bukan industrialis, yg didukung sama prabowo malah pengusaha2 kelas SD yg cuma bisa jual komoditas mentah, sementara barang jadinya impor semua, blom bbm yg impor dari sgd (selamat buat para pengguna mobil bbm yg udh jadi penyumbang devisa ke singapore 😂😂😂😂)…",negative
Terlalu boros pemerintahnya 😢,negative
"3 Fase:
Fase 1 (Sebelum 98): Sebelum Krismon
Fase 2 (1998 - 2013): Reformasi
Fase 3 (2014 - Sekarang): Jokowi dan penerusnya",neutral
"Sepertinya ada juga yang senang dan diuntungkan dengan melemahnya rupiah terhadap dolar, mereka yang punya simpanan uang dolar atau digaji dengan dolar akan memamfaatkannya dengan menukarkan uangnya ke uang rupiah, jadi hanya sebagian kecil saja yang diuntungkan dengan melemahnya rupiah, mungkin termasuk koruptor yang punya simpanan dolar makin tambah kaya",negative
"Pelajaran penting untuk setiap generasi....mungkin generasi2 yg sekarang gak tau siapa yang dia pilih, dan gak mau tau siapa yg akan dia pilih....... Lain kali pelajari benar2  siapa yg akan kalian pilih.",negative
njir jadi buzzer,negative
"Intinya pejabat di negeri ni, terlalu biadab.",negative
"Bro Leon berusaha membuat orang tidak panik, tapi dengan tidak panik maka tidak akan ada solusi.",negative
"with all those denials from goverment, kenaikan 7,5% dalam satu tahun terakhir bukan tidak mungkin menjadi ratusan persen seperti 98. my point is, perlu banyak narasi narasi keras yg apa ada nya saja, supaya kita “sadar” kalo kita ini dalam track yg beresiko tinggi seperti the econimist media said. terlalu banyak narasi “menenangkan” scr psikologis, tp tidak menitik beratkan pada seberapa berbahaya nya kondisi kita skrg ini. ugly truth saying lebih menyembuhkan darpd narasi narasi yg tersebar di media. khususnya narasi yg berasal dari goverment ya. kerusakan parah lingkungan, kehancuran mata uang, bobroknya pasar modal, sistem meritokrasi yg sangat corrupt, and so on. we are doomed guys. kita sedang berada di titik mau collapse sebagai nation. think about it",negative
bang leon th 98 pejabat pinternya lebih banyak dari pejabat sekarang.😂🤣😂🤣,negative
PUPUK KANDANG NDA PAKE DOLLAR TO?? BERISIK KALIAN NETIJEN,negative
Sebenarnya ini kesempatan untuk memperkuat industri ekspor karna kurs kita punya keunggulan,positive
"Speak with Data, heran kalau ada yg masih bilang semua salah external factors",negative
"tapi belum bisa prediksi akan dikali sama dengan 9 bulan kedepan, semoga dunia segera damai 😇",neutral
"Hampir sama aja gw tinggal di desa & kota, intinya gedein earning power sblm menyesal. 😊🎉",negative
warga desa tidak membeli Indon ko,negative
Kita di desa juga ambyar bos. Terutama sektor peternakan ancur-ancuran. Harga kandang telur sekarang 22.000 padahal harga yang dipatok pemerintah 26.000. harga kambing saat ini adalah harga terendah dalam 10 tahun terakhir. Malah pada mau pindah ke desa.....😂,negative
"USD memang rata menguat, ditambah jgnlah malah koleksi $",negative
"USD di data2 tersebut hanya bukti bahwa dollar tidak pulang ke USA seperti yg orang2 bilang, jadi mayoritas dollar masi keluar dari amrik. Tapi leon mengabaikan data lain bahwa negara2 yg mengimpor minyak cenderung turun dan negara2 yg mengekspor minyak cenderung menguat. Jadinya kesannya kayak pelemahan rupiah terhadap dollar hanya terjadi di Indonesia saja. Silahkan cari aja negara2 yg ekspor atau impor minyak kayak gimana currency nya selama perang USA Iran ini. Di beberapa negara lain bahkan sampai melarang mahasiswa pergi ke kampus, selain untuk hemat bbm juga agar mahasiswa nya gak demo besar yg bisa berujung diturunkannya pemimpin negara.",neutral
"disini harus ksih jatah preman, bukan preman ormas, itu mah preman abal2 yang gak pengaruh banget. preman yang di senayan",negative
"Yang pusing ya itu yg suka keluar negeri, hari ini pidato apa lagi ya beliau😂",negative
kita udah ga di fase cari cari masalahnya dimana? urusan solusi aja udah bnyk di tawarkan ekonom2 senior. cuma pemerintahnya BUDEK...,negative
"Intinya yg salah 90% DPR tp DPR nyalahin gubernur BI,KONOHA memang penyakitnya di DPR dan partai",negative
"Mo dolar berapa ribu kek ,rakyat di desa kan gapake dolar",neutral
"Buzzer tidak suka video ini

Auto buka valas cik 😁😁",negative
Betul. solusinya pindah ke desa. No Dollar No IHSG,negative
Biasa yang bikin gonjang ganjing lawan politik,negative
"Hentikan pajak selama 5 tahun, dana MBG gunakan untuk mengcover pajak, ekonomi di bawah akan jalan, investor datang, lapangan kerja akan ada lagi, umkm jalan lagi, itu solusinya",neutral
"Masalah nya bukan di keilmuan ekonomi kita yang tidak bagus, tetapi memang PEJABAT INDONESIA tidak ada niat untuk memajukan dan memperkuat Negara INDONESIA. Mereka (PEJABAT) taunya CUAN from negative side income alias KORUPSI.",negative
PRESIDEN ANJING,negative
"Faktor umur Presiden tidak bisa di pungkiri, penasehat sih teddy, disekelilingnya anak didiknya, siapa yang berani memberikan masukkan yang bener, yang penting manisan dikasih biar makin gemuk presiden senang😂😂😂, kalo yg luar menasehati di katain ANTEK ASENG, udah gak ketolong paranoidnya Presiden, semoga segera bubar dah",negative
"beli usd, emas dan pegang cash. jd petani dan peternak. 😊",negative
Bro Leon minus BRP portonya hahahhaa,negative
gila emang cino jowo menghancurkan negara ini 😂,negative
"Capital flow 45%, goverment policies 40%? Seharusnya goverment policies lebih dr 50%, karena goverment policies juga mempengaruhi capital flow. Every thing dipengaruhi goverment policy, termasuk export import (tarif, so on)",neutral
"gua uda nukar ke SGD setiap gua gajian bang, ini bakal lama soalnya guys. lo pada tau ga sih pajak bakal dinaikin TAU !",negative
"Lol gw bukan ekonom pun ga ngerti banyak soal ekonomi, gw cuma pake logika sederhana aja, banyak negara2 yang diserang ekonominya ataupun pariah (diisolasi) kaya Turki, Iran, Korea Utara, Rusia tapi mereka ga goyang kaya langit mau runtuh ketika inflasi mata uang. Berapa persen Turki kehilangan kekuatan liranya? gila itu, lho kalau di Indo orang udah keluar ngejarah dan rusuh, kenapa Turki engga? karena kebutuhan mereka akan impor itu minim, melemahnya lira ga jadiin Turki krisis pangan, lha kita gimana? kedelai, yang jadi makanan utama kita aja, 90% lebih kebutuhannya di impor dari luar, 75% dari AS, beras? impor, daging? impor, orang cukai sama tengkulak asik megang duit, giliran krisis pangan, makan tuh duit. Gila ya, anjing emang, mereka enak2an exploit ini negara digerus abis dan sekarang satu negara yang bayar akibatnya. Kalau krisis pangan, itu duit2 proyek ga bisa dikunyah, mereka lupa apa??",negative
"Halo master. Ada miss nih
Indon tdk kena pajak. Bebas pajak",negative
"Mahal ilmu bang, terima kasih banyak",negative
Turunkan prabowo gibran. Kabinetnya kabinet bagi-bahi kue isinya bocil-bocil nggak kompeten.,negative
Harus digulingkan si omon2,negative
kurang menarik klo di  indonesia soal less risk,negative
"Klo gw pake logika sederhana.
Tahun dpn akan mulai perjanjian dagang Indo dgn Uni Eropa & bbrp negara lain, ditambah AS ksh tarif 0% produk2 Indo.
Investor pasti liat potensi nilai dagang & peluang inves.
Lembaga Rating Internasional sengaja kondisikan saham & rupiah anjlok,
skenarionya investor global borong saham2 murah meriah yg punya fundamental kuat.
Ibarat klo harga normal dpt sekian, tp krn anjlok bs dpt lebih byk saham.
Pola yg sama ke negara yg kena krisis ekonomi (Yunani) yg saham2 fundamentalnya kuat dikuasai investor global.
Jangankan ekonomi, mo perang aja bs disetting biar punya pembenaran
🤣🤣🤣🤣🤣🤣🤣",negative
"Engak usah ribet...contoh thn 98-99 kalau mau Dollar USD turun...syaratnya ajukan Pinjaman ke IMF/Bank Dunia ...pasti akan turun Krn mereka yg Drive nilai tukar....

Nilai tukar melemah agar pemerintah intervensi sampai habis devisa yg ada...selanjutnya ajukan pinjaman ke IMF/Bank Dunia ...engak lama Nilai Tukar akan Naik...sejarah sdh membukatikan",neutral
kami si mengharapkan lantai kamar mandinya belumut si ko,negative
Harga daging 1998 18 rb sampe 25 rb beda tapi jgnnpada ngawur,negative
"Pemerintah nya bebal, udah banyak yg bilang MBG itu program gak ada manfaat cuma jd beban keuangan negara ehh tetep aja program itu di jalankan,  blom lg program koperasi desa merah putih.
Susah punya pemimpin yg NPD, gak jauh beda kyk Trump 😂",negative
teruntuk IHSG hari ini secara broksum justru banyak domestik yg out koh,negative
"Kondisi kurs hari ini, kelahiran Gen Z merasa sok ekonom membandingkan kurs 98.",negative
"Beberapa komentar yang mendukung revolusi dan asal bilang lengserkan pemerintah itu sangat naif. Revolusi macam itu gak bawa kebaikan apapun. Hanya utopia naif. Cuma buat asing gak percaya dengan pemerintah dan akhirnya pemerintah baru juga harus semakin keras untuk legitimasi kekuasaan mereka.
Mengganti para manusia peternak dengan babi yang pd akhirnya babi2 itu bertingkah lebih kejam ke ternak2 lemah lainnya dari pada manusia peternak di awal",negative
"👍 cuma spikes bisa akselerasi, batasnya bisa langit!",neutral
"Sederhana saja kalau masalah ini
Beda dengan tahun 98 ya

1. Saat orang2 yang banyak duit pada ingin menukarkan uang rupiahnya dengan dollar pada BI , stok dollar di BI sangat tidak sebanding dengan banyaknya orang yang butuh dollar.

Akhirnya bi memanfaatkan situasi untuk menaikkan nilai tukar dollar pada rupiah.

2. Saking banyaknya orang2 yang nyimpen dollar di rumahnya dan diluar negri, 
Otomatis persediaan dollar di BI berkurang, menjadi stoknya sedikit.

4. Banyak eksportir yang mendapatkan dollar, tapi dollarnya disimpan di bank luar negri.

Intinya setiap ada orang orang yang mementingkan keuntungan pribadi, 
Pasti negara mulai goncang, dan masyarakat miskin sengsara😅😅",negative
"Tidak banyak presiden mengucap gpp currency melemah.
yg penting doi asal ketemu podium tereak2, anakbuah tepuktangan, udah senang mereka.",negative
"100% ""kepercayaan itu mahal""",neutral
"Pasti bukan gara gara MBG...bukan krn MBG...bkn karena beli alat tempur...bkn karena ponakan nangkring jd petinggi BI...ini gara gara kebanyakan orang orang kota, kebanyakan anteq anteq ngasing, kebanyakan Indonesia ngelap",negative
Aq di desa baik2 aj makan lacar tidur nyenyak tiap malam juga masih  bisa nongkrong2 ngopi bareng ma tetangga,neutral
Solusinya SWASEMBADA pemimpin/para pejabat yg competency BUKAN SWIMSEBADAK BERAS yg data nya di pelintir si mentan gila validasi!,negative
Ta tapi kan kata si benix rupiah lemah supaya ekspor meningkat.. 🤣🤣🤣,negative
TSLA kedepanya masih bagus GK Koo. aku mulai beli TSLA pas kamu bikin conten 2025 bulan 7 tgl 20 itu aku beli udah cuan +47% Mayan ko,positive
Tadi IHSG udah ijo Udah santai aku tinggal nelvon kawan GK mantau psr saham eh pas jam2 dipantao udah  mines 6% beli pagi. tinggal nelvon 47jt melayang agak nyesek takira udah aman SII IHSG 6400,negative
sudahlah gulingkan saja rezim ini,negative
😢,negative
"Rupiah melemah terhadap dollar itu malah sangat bagus untuk para eksportir. Jangan khawatir kawan, saatnya kita cuan dollar !!!",negative
Serius shooting nya jam 2 pagi😂,negative
Presiden kita ga terima kritik. Rakyat kritik malah dilawan sama dia. Sangat2 Denial bngt dah. Dia lupa krn siapa dia bs jd presiden. Skrg da jd presiden malah lupa diri!,negative
"gapernah liat ko leon gemeteran gini suaranya, cuma bisa bilang borong dolar, saya abis beli 4000 usd, 3000 eur",negative
"bagi yg melihat peluang mml dan asli adalah saham yg anti badai,menurut saya cenderung harga di jaga.ada peluang untuk growing.",positive
Ancuurrrr,negative
"Akar masalahnya: Kenapa harus ngikutin Tren Penurunan Susu Ibu? Susu Ibu masih bisa menguat loh kalau di emut, di jilat!! Ini Rupiah kok loyo terus tiap hari ya!!!!",negative
"Jgn lupa 2029 ganti rezim, jgn sampai NKRI bubarrr",negative
"Paling logis ya beli stable coin USDT,USDC terus loe staking dgn APY 3-6% dilokal exchange atw 8-9% di foreign exchange sperti OKX, Bybit, maybe 6-7% binance.lebih simple dan logis menurut gue dbanding beli obligasi Indon potongannya gede klo musti dtarik sebelum jt tempo. Oiya stable coin loe bisa staking dgn flexi earn jd bebas penalty potongan ya paling kna fee beli jual aj.keren kan",neutral
"Kalo gw perhatiin, semakin menakutkan kondisi ekonomi & semakin seremnya kolom komentar, bisa jadi ini justru waktunya masuk ke saham, bisa ini justru jadi waktunya jual dollar apalagi yang udah beli di 14k-15k dan masuk ke Rupiah & saham bank big 4, karena investasi jangka panjang yang berhasil HAMPIR SELALU dimulai dari kondisi ekonomi yang gak baik-baik aja. Dan sekarang ekonomi Indonesia memang lagi gak baik-baik aja. 

Itu pendapatku, silahkan bikin keputusan masing2.",neutral
"Qta selalu mncari masalah tuk diri cndiri. Buat Mbg tnpa hitungan jelas, implementasiny kacau balau, dalang korupsi baru.. Coba tny dapur or supplier hrusny dh ngerti gmn pasarny berjalan.. 

Skrg defisit sibuk cari sunber baru, gali sana sini buat mrket ga tenang. 
Buat pernyataan tnpa pikir, awalny kirain pura-pura gtu, eh mngkin bneran... ... ... 
Suka ya cari problem lalu denial akan problemny lagi, 

Sejujurny qlo ga kompeten mending duduk diam aj, ykin hidup rakyat better..",negative
Bayangin aja dxy nantinya menguat maka laju pelemahan idr makin cepet lagi😊 kalo bagi saya biarin aja usd ke 30rb sekalipun biar gahobi impor mau bbm hilang dari bumi pertiwi juga terserah😂 negri ini dah terlalu rusak karna dikuasi para lansia2 pikun,negative
Kalo mahasiswa tidak segera turun ke jalan gua bakalan pindah ke desa biar tidak begitu terkena dari imbas dolar,neutral
"Jangan simpan rupiah lama"" 
Gajian langsung belanjakan kebutuhan sebulan, sayur, beras, minyak dan bumbu"" dapur",neutral
"JANGAN LUPA, PELEMAHAN RUPIAH SEKARANG INI WALAUPUN CUMA 5%+- TAPI DI TIMMING YANG FATAL KENAPA?
""KARNA HARGA OIL LAGI NAIK-NAIKNYA"". Dampaknya > Subsidi Membengkak > Defisit Melebar > Investor Takut dan Keluar > Rupiah  Makin Melemah.
 Dan lucunya BI disalah-salahin pdahal kalo yang ngerti malah kondisi BI sekarang sama kayak ditumbalkan pemerintah. 

akar permasalahannya: ini akumulasi kesalahan dari pemerintahan-pemerintahan sebelumnya ditambah pemerintahan sekarang terlalu agresif membuat program baru.",negative
tapi koh . kenapa faktor hutang Indonesia tidak di masukan. apakah hutang Indonesia itu tidak ada pengaruhnya.,neutral
Ayooo revolusiiii🎉,negative
Komposisi kementrian abal abal.,negative
"Menantu dan mertua sama aja , akan di gulingkan",negative
TKI mengalami kenaikan gaji yg lumayan semoga dapat menyumbang dollar ke desa tempat mereka tinggal,neutral
OTW 17845 memperingati kemerdekaan RI,negative
"itu effect domiino, 1 orang menggeluh, baik personal atau emang PESURUH ASING buat propaganda di sosmed-YT menular ke 1rb orang ke 1jt orang, investor membaca itu, mereka takut, dan buru2 menarik dollar yg di investasikan ke indonesia, pasti runtuh KURS rupiah. BELUM LAGI NEGARA2 YG BENCI SM KITA, MAKIN membuat ketakutan2. mau ganti 100-1000x pemimpin, klo Rakyatnya karakternya PESIMIS OVER percayalah, kehancuran ekonomi akan terulang terus menerus,,yg rugi ya bukan orang lain",negative
"jejak dulu, jokowi merusak rupiah",negative
grgr prakontol kang joget,negative
"Satu saja masalah di indonesia leon, semua pejabatnya korup di indonesia",negative
Thank you udah buat video ini di saat para subscriber lagi khawatir. GBU bro,negative
2014 ke atas itu ya sejak Jkw menjabat.,neutral
"Suara yg nanya pertanyaannya lemes amat ko, udh kek rupiah aja 😂",negative
"Dxy melemah, tapi rupiah lebih sampah karena pejabat dan pemimpin kita jamban",negative
"Banyak desa pakai dollar... banyak money changer.

Desa adat kuta 
Desa adat ubud dll..",neutral
idr melemah bukan usd menguat karena sgd chf aud juga naik semua,neutral
Pernyataan si Wowo malah disambut tepuk tangan satu forum 😂😂 apa yg bisa diharapkan dr pemerintahan seperti itu! Yg penting MBG dan kopdes cair 😅,negative
P,neutral
"Hopeless, selama pemerintahan nya belum ganti. Karena komposisi kabinet dan jajarannya tidak sekompeten 1998. Hampir tidak ada profesional di bidangnya 😢.",negative
"IDR yg melemah ke hampir semua mata uang negara lain, dengan euro melemah, dengan singapur dollar melemah, dengan ringgit melemah, dan beberapa mata uang asean lain juga melemah, apalagi dengan mata uang yg kuat lainnya juga melemah",neutral
Gimana Prabowo ajah lah kita mah 😂😂,negative
"Malem banget Ko Leon, nontonnya besok aja deh, pusing dollar naek terus 😁🙏",negative
Idr yg melemah... Kerna rm menguat vs usd...,neutral
17845,negative
